reflection_id,reflection_text,claude_what,llama_what,claude_why,llama_why,claude_how,llama_how,evidence_what,evidence_why,evidence_how
1a,This week we learned about drug shortages. Drug shortages can happen for many different reasons. There are things that pharmacists can do to help when there is a drug shortage. This is something that will be important when I am a pharmacist.,1,1,0,1,0,0,This week we learned about drug shortages. Drug shortages can happen for many different reasons. There are things that pharmacists can do to help when there is a drug shortage.,This is something that will be important when I am a pharmacist.,This is something that will be important when I am a pharmacist.
1c,"This week's lecture covered the causes and consequences of drug shortages in depth. I learned that shortages are driven by factors including limited manufacturing capacity, quality failures such as contamination at production facilities, over-reliance on single suppliers for active pharmaceutical ingredients, and low market profitability for generic medications — particularly sterile injectables. I also learned that pharmacists play a central role in shortage management, including identifying therapeutic alternatives and supporting ethical allocation decisions when supply is critically limited. This is important because drug shortages directly affect patient care, and understanding the root causes helps me see shortages as a systemic issue rather than random bad luck. Knowing this will be relevant to my future career, since I may regularly encounter situations where first-line medications are unavailable. In the future, I will try to stay informed about current drug shortages and work with providers to find appropriate alternatives when medications are unavailable. I hope to apply what I learned in my upcoming rotations.",2,2,1,2,1,2,"shortages are driven by factors including limited manufacturing capacity, quality failures such as contamination at production facilities, over-reliance on single suppliers for active pharmaceutical ingredients, and low market profitability for generic medications — particularly sterile injectables. I also learned that pharmacists play a central role in shortage management, including identifying therapeutic alternatives and supporting ethical allocation decisions when supply is critically limited.","This is important because drug shortages directly affect patient care, and understanding the root causes helps me see shortages as a systemic issue rather than random bad luck. Knowing this will be relevant to my future career, since I may regularly encounter situations where first-line medications are unavailable.","In the future, I will try to stay informed about current drug shortages and work with providers to find appropriate alternatives when medications are unavailable. I hope to apply what I learned in my upcoming rotations."
2c,Drug shortages are a problem that affect many people. It is important for pharmacists to be aware that they can happen. There are many things that can be done to help patients during a drug shortage.,1,1,0,1,0,0,Drug shortages are a problem that affect many people. It is important for pharmacists to be aware that they can happen.,It is important for pharmacists to be aware that they can happen.,There are many things that can be done to help patients during a drug shortage.
3b,"This week I learned about the causes and consequences of drug shortages in the United States. Shortages are primarily driven by market forces — particularly the low profitability of generic drug manufacturing — which discourages investment in production capacity and quality systems. When a quality problem such as a contamination event occurs, manufacturers in a low-margin industry often lack the resources to remediate quickly, prolonging the shortage. I also learned about categories of drugs most susceptible to shortage, including sterile injectables and oncology medications, and about the ASHP shortage management guidelines that pharmacists use to guide their response. Understanding the root causes of drug shortages is important for my development as a pharmacist because it helps me anticipate supply problems and understand why they happen. It is relevant to know that shortages are a systemic and recurring issue, not just rare emergencies, and this will make me a more informed and prepared professional.",2,2,1,2,0,0,"Shortages are primarily driven by market forces — particularly the low profitability of generic drug manufacturing — which discourages investment in production capacity and quality systems. When a quality problem such as a contamination event occurs, manufacturers in a low-margin industry often lack the resources to remediate quickly, prolonging the shortage. I also learned about categories of drugs most susceptible to shortage, including sterile injectables and oncology medications, and about the ASHP shortage management guidelines that pharmacists use to guide their response.","Understanding the root causes of drug shortages is important for my development as a pharmacist because it helps me anticipate supply problems and understand why they happen. It is relevant to know that shortages are a systemic and recurring issue, not just rare emergencies, and this will make me a more informed and prepared professional.",this will make me a more informed and prepared professional.
3c,We had a lecture this week. The topic was interesting and I think it is relevant to pharmacy. I will keep this in mind going forward.,0,1,0,1,0,1,We had a lecture this week. The topic was interesting,I think it is relevant to pharmacy,I will keep this in mind going forward
4a,"This week's presentation gave me a much clearer picture of why drug shortages occur and how far-reaching their consequences can be. I learned that shortages rarely have a single cause; instead, they result from overlapping vulnerabilities in the pharmaceutical supply chain — including heavy API sourcing from a limited number of overseas facilities, the economics of generic drug production that discourage manufacturers from maintaining excess capacity, and the slow recovery time following FDA quality enforcement actions. I also learned about the categories of medications most at risk, particularly sterile injectables and narrow-therapeutic-index drugs, and about the tools pharmacists use to respond, including therapeutic interchange protocols and shortage allocation frameworks. Before this lecture, I had not appreciated how structural the shortage problem is. I assumed shortages were caused primarily by external shocks like natural disasters or pandemics — and while those events do contribute, the lecture helped me see that the underlying fragility already exists, and those events simply expose it. This was a meaningful shift in perspective because it means shortages are partially predictable, and pharmacists who understand the system can act proactively rather than just reactively. This also connected to an experience I had during my community pharmacy IPPE, when my preceptor had to navigate a backorder on a patient's thyroid medication — something I did not fully understand at the time but can now place within a larger systemic picture. Going forward, I want to be more proactive about staying informed on current drug shortages. I know that databases like the ASHP Drug Shortages Resource Center exist and I plan to consult them regularly in practice.",2,2,2,2,1,2,"shortages rarely have a single cause; instead, they result from overlapping vulnerabilities in the pharmaceutical supply chain — including heavy API sourcing from a limited number of overseas facilities, the economics of generic drug production that discourage manufacturers from maintaining excess capacity, and the slow recovery time following FDA quality enforcement actions. I also learned about the categories of medications most at risk, particularly sterile injectables and narrow-therapeutic-index drugs, and about the tools pharmacists use to respond, including therapeutic interchange protocols and shortage allocation frameworks.","This was a meaningful shift in perspective because it means shortages are partially predictable, and pharmacists who understand the system can act proactively rather than just reactively. This also connected to an experience I had during my community pharmacy IPPE, when my preceptor had to navigate a backorder on a patient's thyroid medication — something I did not fully understand at the time but can now place within a larger systemic picture.","Going forward, I want to be more proactive about staying informed on current drug shortages. I know that databases like the ASHP Drug Shortages Resource Center exist and I plan to consult them regularly in practice."
5b,"This week we discussed how pharmacists should communicate with patients when a medication is on shortage. The main idea is that patients need to be told clearly when their medication is being substituted, why, and what the differences are. We talked about how silent substitutions damage trust and can lead patients to stop taking their medication or look for it elsewhere.

This is important because communication during a shortage is part of patient safety, not just an inconvenience. If patients don't understand the change, they may not take the new medication correctly. At my internship I will try to be clear with patients when there are substitutions and explain what they need to know.",2,2,1,2,1,2,"patients need to be told clearly when their medication is being substituted, why, and what the differences are. We talked about how silent substitutions damage trust and can lead patients to stop taking their medication or look for it elsewhere.","communication during a shortage is part of patient safety, not just an inconvenience. If patients don't understand the change, they may not take the new medication correctly.",At my internship I will try to be clear with patients when there are substitutions and explain what they need to know.
5c,We talked about drug shortages this week and how to talk to patients about them. Communication is important in pharmacy. I will try to communicate well with patients in the future.,1,1,0,1,1,1,We talked about drug shortages this week and how to talk to patients about them.,Communication is important in pharmacy.,I will try to communicate well with patients in the future.
7c,Today's class talked about substitutions during drug shortages. Drugs in the same class are not always the same. Patients need the right medication.,1,1,0,1,0,0,Today's class talked about substitutions during drug shortages. Drugs in the same class are not always the same.,Patients need the right medication.,Patients need the right medication.
8c,Today we talked about who gets medications during a shortage. This is an important issue in pharmacy. I need to know about it for my future job.,1,1,0,1,0,0,Today we talked about who gets medications during a shortage.,This is an important issue in pharmacy.,I need to know about it for my future job.
11b,We learned about the gray market for shortage drugs today. Some distributors buy drugs and sell them at much higher prices when shortages happen. ASHP recommends only buying from authorized distributors. Hoarding by hospitals is also a problem. I will pay attention to purchasing during my rotation.,2,2,1,0,1,1,Some distributors buy drugs and sell them at much higher prices when shortages happen. ASHP recommends only buying from authorized distributors. Hoarding by hospitals is also a problem.,ASHP recommends only buying from authorized distributors.,I will pay attention to purchasing during my rotation.
12b,Today we discussed how drug shortages affect vulnerable populations like pediatric oncology and rare-disease patients more severely. Shortages of drugs like vincristine forced changes in treatment regimens. This is important because those patients have fewer alternatives. I will pay attention to this in my career.,2,2,1,1,0,1,drug shortages affect vulnerable populations like pediatric oncology and rare-disease patients more severely. Shortages of drugs like vincristine forced changes in treatment regimens.,This is important because those patients have fewer alternatives.,I will pay attention to this in my career.
13b,"Today we covered tools the FDA uses to address shortages, including importing foreign-approved equivalents and extending drug expiration dates. Imported drugs come with foreign labeling, which means the pharmacist has to do extra counseling. This is something I should be aware of.",2,2,1,1,1,0,"tools the FDA uses to address shortages, including importing foreign-approved equivalents and extending drug expiration dates. Imported drugs come with foreign labeling, which means the pharmacist has to do extra counseling.",This is something I should be aware of.,the pharmacist has to do extra counseling. This is something I should be aware of.
16c,There need to be solutions to drug shortages. I will think about it.,0,1,0,0,0,1,There need to be solutions to drug shortages.,There need to be solutions to drug shortages.,I will think about it.
17c,"Today's class covered an important topic in patient safety. Medications can sometimes cause harm, and it is important for healthcare workers to be careful. This matters because patient safety is one of the most important goals in healthcare, and pharmacists play a key role. I will keep this in mind going forward and try to do my best in practice.",1,1,1,1,0,1,"Today's class covered an important topic in patient safety. Medications can sometimes cause harm, and it is important for healthcare workers to be careful.","This matters because patient safety is one of the most important goals in healthcare, and pharmacists play a key role.",I will keep this in mind going forward and try to do my best in practice.
18a,"In this week's session, we discussed high-alert medications and how errors can happen at different points along the way. We talked about how hospitals try to reduce these risks using different strategies. This learning matters to me because it changed my understanding of where medication safety actually lives. I used to think about safety as happening at the final step — the pharmacist checking the order or the nurse administering the drug — but this session helped me realize that errors are often introduced much earlier, at the prescribing or transcribing stage, and the later steps are just the last chance to catch them. This is important for my development because it shifts my mental model from ""catch errors at the end"" to ""design each step to make errors less likely in the first place."" It also makes me more aware that my own future decisions as a pharmacist — the order sets I use, the clarifications I ask for, how I communicate with nurses — are all part of a shared system. I want to approach HAMs with that systems mindset rather than relying on individual carefulness. In the future, I will try to be mindful of HAMs when I see them at work.",1,2,2,2,1,1,we discussed high-alert medications and how errors can happen at different points along the way. We talked about how hospitals try to reduce these risks using different strategies.,"I used to think about safety as happening at the final step — the pharmacist checking the order or the nurse administering the drug — but this session helped me realize that errors are often introduced much earlier, at the prescribing or transcribing stage, and the later steps are just the last chance to catch them.","In the future, I will try to be mindful of HAMs when I see them at work."
19c,"In today's session on high-alert medications (HAMs), I learned that look-alike/sound-alike (LASA) confusion and packaging-related failures contribute to a substantial share of HAM errors. ISMP and the FDA publish lists of confusable name pairs — such as hydralazine vs. hydroxyzine and DOBUTamine vs. DOPamine — and recommend mitigations including tall-man lettering, physical separation of storage, distinct auxiliary labeling, and purchasing from multiple manufacturers so that similar-looking vials do not sit side by side on the shelf. This matters for my development because it illustrates that ""being careful"" is not sufficient protection against errors that are built into the physical environment. I had not previously thought about a vial label or a storage bin location as safety interventions, but the session made me see that these are actually high-leverage levers because they reduce reliance on memory and vigilance. That reframes the pharmacist's role — we are partly human-factors designers, and every choice about storage, labeling, and workflow is a safety decision. It also makes me more humble about my own susceptibility to LASA errors, because I now understand that I can be well-trained and still mix up two similar names if the system sets me up to. In my future practice, I want to be thoughtful about LASA medications and do my part to reduce these kinds of errors.",2,2,2,2,1,2,"look-alike/sound-alike (LASA) confusion and packaging-related failures contribute to a substantial share of HAM errors. ISMP and the FDA publish lists of confusable name pairs — such as hydralazine vs. hydroxyzine and DOBUTamine vs. DOPamine — and recommend mitigations including tall-man lettering, physical separation of storage, distinct auxiliary labeling, and purchasing from multiple manufacturers so that similar-looking vials do not sit side by side on the shelf.","it illustrates that 'being careful' is not sufficient protection against errors that are built into the physical environment. I had not previously thought about a vial label or a storage bin location as safety interventions, but the session made me see that these are actually high-leverage levers because they reduce reliance on memory and vigilance. That reframes the pharmacist's role — we are partly human-factors designers, and every choice about storage, labeling, and workflow is a safety decision. It also makes me more humble about my own susceptibility to LASA errors, because I now understand that I can be well-trained and still mix up two similar names if the system sets me up to.","In my future practice, I want to be thoughtful about LASA medications and do my part to reduce these kinds of errors."
20c,"Today's class was about high-alert medications like insulin, heparin, and chemotherapy. These medications can cause harm if something goes wrong. This is important because patient safety depends on being careful with these drugs. Pharmacists play a role in keeping patients safe from medication errors.",1,2,1,1,0,0,"Today's class was about high-alert medications like insulin, heparin, and chemotherapy. These medications can cause harm if something goes wrong.",This is important because patient safety depends on being careful with these drugs. Pharmacists play a role in keeping patients safe from medication errors.,Pharmacists play a role in keeping patients safe from medication errors.
21c,Today's class was about double-checking medications. Two people check the medication. This helps prevent errors. I will keep this in mind.,1,1,1,1,0,1,Today's class was about double-checking medications. Two people check the medication.,This helps prevent errors.,I will keep this in mind.
22c,Smart pumps help with medication safety. They have programs that prevent errors. This is good for patients.,1,1,0,1,0,0,Smart pumps help with medication safety. They have programs that prevent errors.,This is good for patients.,Smart pumps help with medication safety. They have programs that prevent errors. This is good for patients.
25c,PCA pumps are for pain. They can be dangerous. I will be careful.,1,1,0,0,0,1,PCA pumps are for pain. They can be dangerous.,They can be dangerous.,I will be careful.
26c,NMBs are dangerous drugs. They can cause harm. I will remember this.,1,1,0,0,0,1,NMBs are dangerous drugs. They can cause harm.,They can cause harm.,I will remember this.
27b,"We learned about concentrated electrolytes today, especially potassium chloride and hypertonic saline. These can cause death if given undiluted. Joint Commission and ISMP have rules about storing them only in the pharmacy or specific units. I will be careful with electrolyte storage.",2,2,1,0,1,1,"concentrated electrolytes today, especially potassium chloride and hypertonic saline. These can cause death if given undiluted. Joint Commission and ISMP have rules about storing them only in the pharmacy or specific units.",These can cause death if given undiluted.,I will be careful with electrolyte storage.
28b,"Today we discussed methotrexate dosing errors, where patients take a weekly dose daily. This causes serious harm and has caused deaths. Pharmacists should require the day of the week on the prescription and use teach-back. I will use teach-back for methotrexate counseling.",2,2,1,1,1,2,"methotrexate dosing errors, where patients take a weekly dose daily. This causes serious harm and has caused deaths. Pharmacists should require the day of the week on the prescription and use teach-back.",This causes serious harm and has caused deaths.,I will use teach-back for methotrexate counseling.
29b,"Today we discussed vasopressors and code medications, which are high-alert because they are used during emergencies. ISMP recommends standardized concentrations and clear labeling. Closed-loop communication during codes helps prevent verbal-order errors. I will be aware of this in my rotations.",2,2,1,0,1,1,"vasopressors and code medications, which are high-alert because they are used during emergencies. ISMP recommends standardized concentrations and clear labeling. Closed-loop communication during codes helps prevent verbal-order errors.",which are high-alert because they are used during emergencies,I will be aware of this in my rotations.
30b,"Today's class covered oral chemotherapy at home, which is high-alert because patients self-administer without inpatient safeguards. Errors include missed doses and waste handling problems. ASCO and HOPA have safety standards. I will pay attention to oral chemo dispensing in my rotations.",2,2,1,0,1,1,"oral chemotherapy at home, which is high-alert because patients self-administer without inpatient safeguards. Errors include missed doses and waste handling problems. ASCO and HOPA have safety standards.",high-alert because patients self-administer without inpatient safeguards,I will pay attention to oral chemo dispensing in my rotations.
31b,"Today we discussed tall-man lettering, which uses capital letters to differentiate confusable drug names. ISMP and FDA have lists of name pairs that should use tall-man lettering. The labeling only works if it is used consistently across systems. I will use tall-man lettering in my own writing.",2,2,1,0,1,1,"tall-man lettering, which uses capital letters to differentiate confusable drug names. ISMP and FDA have lists of name pairs that should use tall-man lettering. The labeling only works if it is used consistently across systems.",The labeling only works if it is used consistently across systems.,I will use tall-man lettering in my own writing.
32c,BCMA is barcode scanning at the bedside. It helps prevent errors.,1,1,0,1,0,0,BCMA is barcode scanning at the bedside. It helps prevent errors.,It helps prevent errors.,BCMA is barcode scanning at the bedside. It helps prevent errors.
34c,"Today's session was about the IHI Model for Improvement, specifically about how to write aim statements and choose measurements. We learned that aim statements should be specific about what you want to improve and that there are different kinds of measures like outcome and process measures. This is important because measuring change helps us know if an improvement is working. In my future practice I will try to apply these concepts when I am involved in quality improvement work.",1,2,1,1,1,1,how to write aim statements and choose measurements. We learned that aim statements should be specific about what you want to improve and that there are different kinds of measures like outcome and process measures.,This is important because measuring change helps us know if an improvement is working.,In my future practice I will try to apply these concepts when I am involved in quality improvement work.
35c,"We talked about spreading improvements in healthcare using the IHI framework. After testing a change with PDSA cycles, the next step is to spread it to other settings. This is important because healthcare systems are complex and improvements need to be applied more broadly to help more patients. I will keep this in mind during my rotations and look for opportunities to spread good practices I observe.",1,2,1,1,1,1,"We talked about spreading improvements in healthcare using the IHI framework. After testing a change with PDSA cycles, the next step is to spread it to other settings.",healthcare systems are complex and improvements need to be applied more broadly to help more patients,I will keep this in mind during my rotations and look for opportunities to spread good practices I observe.
36c,We talked about applying the IHI Model for Improvement to medication counseling in pharmacy. The idea is to use PDSA cycles to test different ways of counseling patients and see what works best. This is important because good counseling helps patients take their medications correctly and can reduce errors. I plan to improve my counseling skills during my internship by practicing with different patients and getting feedback from my preceptor.,2,2,1,1,1,2,applying the IHI Model for Improvement to medication counseling in pharmacy. The idea is to use PDSA cycles to test different ways of counseling patients and see what works best.,This is important because good counseling helps patients take their medications correctly and can reduce errors.,I plan to improve my counseling skills during my internship by practicing with different patients and getting feedback from my preceptor.
39c,QI projects need staff involvement. People matter. I will remember this.,1,1,0,1,0,0,QI projects need staff involvement. People matter.,People matter. I will remember this.,I will remember this.
42b,Today's session covered Lean methodology in healthcare. Lean comes from Toyota and focuses on eliminating waste using categories like the eight wastes (DOWNTIME). Value-stream mapping makes the current process visible. Lean and IHI are complementary frameworks. I will try to map workflow.,2,2,1,0,1,1,Lean comes from Toyota and focuses on eliminating waste using categories like the eight wastes (DOWNTIME). Value-stream mapping makes the current process visible. Lean and IHI are complementary frameworks.,Lean and IHI are complementary frameworks.,I will try to map workflow.
43b,"Today we covered Six Sigma and the DMAIC framework, which is another QI approach. DMAIC stands for Define, Measure, Analyze, Improve, Control. Six Sigma focuses on reducing defects using statistics. Some hospitals use Lean Six Sigma. I will be aware of these frameworks in my career.",1,1,0,0,0,1,"Today we covered Six Sigma and the DMAIC framework, which is another QI approach. DMAIC stands for Define, Measure, Analyze, Improve, Control. Six Sigma focuses on reducing defects using statistics. Some hospitals use Lean Six Sigma.",I will be aware of these frameworks in my career.,I will be aware of these frameworks in my career.
45c,Hospital readmissions are a problem. Pharmacists can help reduce them.,0,1,0,0,0,0,Hospital readmissions are a problem. Pharmacists can help reduce them.,Hospital readmissions are a problem. Pharmacists can help reduce them.,Hospital readmissions are a problem. Pharmacists can help reduce them.
46c,Antibiotic stewardship is important. It reduces resistance.,0,1,0,1,0,0,Antibiotic stewardship is important. It reduces resistance.,Antibiotic stewardship is important. It reduces resistance.,Antibiotic stewardship is important. It reduces resistance.
47c,Diabetes is something pharmacists can help with. A1C is a measure.,0,1,0,0,0,0,Diabetes is something pharmacists can help with. A1C is a measure.,Diabetes is something pharmacists can help with. A1C is a measure.,Diabetes is something pharmacists can help with. A1C is a measure.
48c,Pharmacists give vaccines. Improving rates is good.,0,1,0,1,0,0,Pharmacists give vaccines. Improving rates is good.,Improving rates is good.,Pharmacists give vaccines. Improving rates is good.
49b,"Today we covered Just Culture and how healthcare organizations respond to medication errors depending on the behavior involved. We went over the three categories of human error, at-risk behavior, and reckless behavior, and how each one calls for a different response (consoling, coaching, or discipline). We also discussed how blame-based cultures discourage reporting of near misses, while Just Culture encourages staff to speak up. This topic is important to me because I used to assume all medication errors deserved the same consequence. Realizing that intent and system context matter has changed how I think about accountability in the pharmacy. It also made me reflect on how many near misses probably go unreported because staff are afraid of being blamed, and how that fear ends up hurting future patients by keeping broken systems in place. In my internship, I want to be more open when I make mistakes or see them happen.",2,2,2,2,1,2,"We went over the three categories of human error, at-risk behavior, and reckless behavior, and how each one calls for a different response (consoling, coaching, or discipline). We also discussed how blame-based cultures discourage reporting of near misses, while Just Culture encourages staff to speak up.","I used to assume all medication errors deserved the same consequence. Realizing that intent and system context matter has changed how I think about accountability in the pharmacy. It also made me reflect on how many near misses probably go unreported because staff are afraid of being blamed, and how that fear ends up hurting future patients by keeping broken systems in place.","In my internship, I want to be more open when I make mistakes or see them happen."
50c,"Today we reviewed Root Cause Analysis and the Five Whys technique, which is a way of asking why something happened several times in a row until you get to the underlying reason. We also went over a case where an error happened and traced it back to system issues like labeling and workflow. This is important for pharmacists because we need to prevent mistakes and make sure patients get the right care. I will keep this in mind as I move through the program.",2,2,1,1,0,1,"we reviewed Root Cause Analysis and the Five Whys technique, which is a way of asking why something happened several times in a row until you get to the underlying reason. We also went over a case where an error happened and traced it back to system issues like labeling and workflow.",This is important for pharmacists because we need to prevent mistakes and make sure patients get the right care.,I will keep this in mind as I move through the program.
51b,"Today we talked about the different terms used to describe safety events in healthcare, including near misses, errors, and adverse events. We also touched on how some events are considered more serious and get reported and reviewed more formally. This learning is important because I realized I have been using the word 'error' for everything, and that imprecision can affect how a problem is investigated and ultimately fixed. It also made me reflect on the value of near misses. At the pharmacy where I work, near misses happen often and most of them get mentioned to a coworker and then forgotten. I now see that each one of those is a warning sign that we are ignoring, which is humbling. Going forward, I want to pay more attention to safety events in my workplace.",1,2,2,2,1,1,"Today we talked about the different terms used to describe safety events in healthcare, including near misses, errors, and adverse events. We also touched on how some events are considered more serious and get reported and reviewed more formally.","I realized I have been using the word 'error' for everything, and that imprecision can affect how a problem is investigated and ultimately fixed. It also made me reflect on the value of near misses. At the pharmacy where I work, near misses happen often and most of them get mentioned to a coworker and then forgotten. I now see that each one of those is a warning sign that we are ignoring, which is humbling.","Going forward, I want to pay more attention to safety events in my workplace."
51c,Today's class went over different safety terms used in healthcare. Patient safety is important because it affects patients and pharmacists have to learn about it. I am not yet sure how this will look in my future job but I will learn more as the class continues.,1,1,0,1,0,0,Today's class went over different safety terms used in healthcare.,Patient safety is important because it affects patients and pharmacists have to learn about it.,I am not yet sure how this will look in my future job but I will learn more as the class continues.
52c,"Today we discussed how people can make mistakes and why cognitive errors happen in pharmacy. We learned about slips, lapses, and mistakes, and how workload and interruptions can contribute to errors. Patient safety is important in healthcare. I will remember this material in the future.",1,1,1,0,0,0,"We learned about slips, lapses, and mistakes, and how workload and interruptions can contribute to errors.",Patient safety is important in healthcare.,I will remember this material in the future.
56c,There was a famous report about patient safety. It said many people die from errors. Patient safety is important.,1,1,0,1,0,0,There was a famous report about patient safety. It said many people die from errors.,Patient safety is important.,Patient safety is important.
58b,"Today's session covered workarounds and normalization of deviance, where small deviations from policy become routine over time. Workarounds become invisible because they don't cause immediate harm. This matters because errors emerge from accumulated workarounds, not just from individual mistakes. I will pay attention to workarounds.",2,2,2,1,1,1,"workarounds and normalization of deviance, where small deviations from policy become routine over time. Workarounds become invisible because they don't cause immediate harm.","errors emerge from accumulated workarounds, not just from individual mistakes.",I will pay attention to workarounds.
58c,People sometimes find ways around the rules. This can become a problem.,0,1,0,0,0,0,People sometimes find ways around the rules. This can become a problem.,People sometimes find ways around the rules. This can become a problem.,People sometimes find ways around the rules. This can become a problem.
60b,"Today's class covered health literacy in patient safety. About 36% of US adults have low health literacy, which contributes to medication errors. Plain-language labels, teach-back, and professional interpreters help. AHRQ Universal Precautions assumes every patient may have low literacy.",2,2,1,0,0,0,"About 36% of US adults have low health literacy, which contributes to medication errors. Plain-language labels, teach-back, and professional interpreters help. AHRQ Universal Precautions assumes every patient may have low literacy.",which contributes to medication errors,Today's class covered health literacy in patient safety.
61b,Today we discussed how 20-30% of patients have medication-related problems after discharge from the hospital. Pharmacist programs like meds-to-beds and post-discharge follow-up calls help reduce these problems. I will pay attention to discharge transitions in my rotations.,2,2,1,0,1,1,20-30% of patients have medication-related problems after discharge from the hospital. Pharmacist programs like meds-to-beds and post-discharge follow-up calls help reduce these problems.,Pharmacist programs like meds-to-beds and post-discharge follow-up calls help reduce these problems.,I will pay attention to discharge transitions in my rotations.
61c,Patients have problems after discharge. Pharmacists can help.,0,1,0,0,0,0,Patients have problems after discharge. Pharmacists can help.,Patients have problems after discharge. Pharmacists can help.,Patients have problems after discharge. Pharmacists can help.
62c,Sometimes doctors get the diagnosis wrong. This is a problem.,0,1,0,0,0,0,Sometimes doctors get the diagnosis wrong. This is a problem.,This is a problem.,Sometimes doctors get the diagnosis wrong. This is a problem.
63c,Bias is a problem in healthcare. It affects patients.,0,1,0,0,0,0,Bias is a problem in healthcare. It affects patients.,Bias is a problem in healthcare. It affects patients.,Bias is a problem in healthcare. It affects patients.
64c,Telehealth changed during COVID. There are safety issues with it.,0,1,0,0,0,0,Telehealth changed during COVID. There are safety issues with it.,There are safety issues with it.,Telehealth changed during COVID. There are safety issues with it.
65a,"In today's class, we covered the standards that apply to sterile compounding in pharmacy. I learned that USP sets guidelines that pharmacies must follow when preparing sterile products. These standards cover things like cleanroom requirements and procedures for ensuring sterility. Understanding these requirements was important for me because it shifted how I think about compounding as a career path. Before today, I thought compounding was just about making personalized medications, but now I see it as a highly regulated, patient safety-critical practice. A single failure in the sterile environment can lead to contaminated products, patient infections, or even death--events that have actually occurred due to compounding pharmacy failures. This made me appreciate why sterile compounders must be extremely meticulous. I also realized that my initial assumption--that compounding was a relatively unregulated niche area of pharmacy--was completely wrong. In the future, I plan to apply these standards at my internship and beyond.",1,2,2,2,1,1,USP sets guidelines that pharmacies must follow when preparing sterile products. These standards cover things like cleanroom requirements and procedures for ensuring sterility.,"it shifted how I think about compounding as a career path. Before today, I thought compounding was just about making personalized medications, but now I see it as a highly regulated, patient safety-critical practice. A single failure in the sterile environment can lead to contaminated products, patient infections, or even death--events that have actually occurred due to compounding pharmacy failures. This made me appreciate why sterile compounders must be extremely meticulous. I also realized that my initial assumption--that compounding was a relatively unregulated niche area of pharmacy--was completely wrong.","In the future, I plan to apply these standards at my internship and beyond."
67a,"Today's lesson was about patient privacy and HIPAA. HIPAA is a law that protects patient health information in healthcare settings, including pharmacies. It applies to pharmacists and other healthcare providers who handle patient information. Patient privacy is something all pharmacists need to respect.",1,2,0,1,0,0,"Today's lesson was about patient privacy and HIPAA. HIPAA is a law that protects patient health information in healthcare settings, including pharmacies.",Patient privacy is something all pharmacists need to respect.,It applies to pharmacists and other healthcare providers who handle patient information.
67b,"Today I learned that HIPAA--the Health Insurance Portability and Accountability Act--is composed of two key rules especially relevant to pharmacy practice: the Privacy Rule, which governs the use and disclosure of Protected Health Information (PHI), and the Security Rule, which applies specifically to electronic PHI (ePHI). PHI is defined as individually identifiable health information linked to any of 18 specific identifiers--such as name, address, dates of service, prescription numbers, or biometric data--that relates to a patient's health status, care, or payment for care. I learned that pharmacists must apply the minimum necessary standard when sharing patient information, meaning only the information required for the specific task at hand should be disclosed. HIPAA permits disclosure of PHI without patient authorization for Treatment, Payment, and Healthcare Operations (TPO), but other disclosures generally require a signed patient authorization. Violations carry tiered civil monetary penalties ranging from $100 to $50,000 per violation depending on culpability, as well as potential criminal liability for willful disclosures. This is important for my development as a pharmacist because patients must trust that their health information is handled with care. Without that trust, patients may withhold information that is critical to their safe care--putting themselves at risk. I will make sure to follow HIPAA standards when I work in pharmacy settings and be careful about how I share patient information.",2,2,1,2,1,1,"HIPAA--the Health Insurance Portability and Accountability Act--is composed of two key rules especially relevant to pharmacy practice: the Privacy Rule, which governs the use and disclosure of Protected Health Information (PHI), and the Security Rule, which applies specifically to electronic PHI (ePHI). PHI is defined as individually identifiable health information linked to any of 18 specific identifiers--such as name, address, dates of service, prescription numbers, or biometric data--that relates to a patient's health status, care, or payment for care.","This is important for my development as a pharmacist because patients must trust that their health information is handled with care. Without that trust, patients may withhold information that is critical to their safe care--putting themselves at risk.",I will make sure to follow HIPAA standards when I work in pharmacy settings and be careful about how I share patient information.
68b,"Today we discussed regulations that govern the safety and legitimacy of drug products as they move through the supply chain from manufacturers to pharmacies to patients. These standards help ensure that medications arriving at pharmacies can be traced back to their origin and verified as legitimate. This is important because it prevents counterfeit or diverted drugs from reaching patients, which could cause serious or life-threatening harm. At my internship, I will pay attention to how drug shipments are received and verified at my site.",1,2,1,1,1,1,regulations that govern the safety and legitimacy of drug products as they move through the supply chain from manufacturers to pharmacies to patients. These standards help ensure that medications arriving at pharmacies can be traced back to their origin and verified as legitimate.,"This is important because it prevents counterfeit or diverted drugs from reaching patients, which could cause serious or life-threatening harm.","At my internship, I will pay attention to how drug shipments are received and verified at my site."
68c,Drug regulations are very important in pharmacy practice. I am looking forward to applying what I have learned about drug safety and medication standards to my internship experience. I will make sure to follow all rules and guidelines related to medications in my future practice.,1,1,0,1,1,1,drug safety and medication standards,Drug regulations are very important in pharmacy practice.,I will make sure to follow all rules and guidelines related to medications in my future practice.
76b,"Today's class covered OSHA requirements for pharmacy, including hazardous drug handling, bloodborne pathogens, and ergonomics. SDSs and exposure control plans are required. This intersects with USP <800> but extends further. I will be aware of OSHA in my career.",2,2,1,0,1,1,"OSHA requirements for pharmacy, including hazardous drug handling, bloodborne pathogens, and ergonomics. SDSs and exposure control plans are required. This intersects with USP <800> but extends further.",This intersects with USP <800> but extends further.,I will be aware of OSHA in my career.
77c,There are laws against fraud in pharmacy. They are important.,0,1,0,1,0,0,There are laws against fraud in pharmacy.,They are important.,There are laws against fraud in pharmacy. They are important.
78c,Drug recalls happen sometimes. They have classes.,0,1,0,0,0,0,Drug recalls happen sometimes. They have classes.,Drug recalls happen sometimes. They have classes.,Drug recalls happen sometimes. They have classes.
80b,"Today's class covered Prescription Drug Monitoring Programs (PDMPs). Almost all states have PDMPs, and many require pharmacists to check the PDMP before dispensing controlled substances. PMP InterConnect allows states to share data. PDMP use is a clinical skill, not just a check. I will use the PDMP carefully in my retail work.",2,2,1,0,1,1,"Almost all states have PDMPs, and many require pharmacists to check the PDMP before dispensing controlled substances. PMP InterConnect allows states to share data. PDMP use is a clinical skill, not just a check.","PDMP use is a clinical skill, not just a check.",I will use the PDMP carefully in my retail work.
81c,We discussed Just Culture today and how it is different from a purely punitive approach to errors in healthcare. Just Culture is a framework used to determine the right response when something goes wrong. I think it matters because it affects how people feel about reporting mistakes. I will keep this concept in mind during my internship.,1,2,1,1,0,1,Just Culture is a framework used to determine the right response when something goes wrong,it matters because it affects how people feel about reporting mistakes,I will keep this concept in mind during my internship
82b,"Today's session covered safety huddles and structured communication tools like SBAR. These are approaches used by healthcare teams to proactively identify risks and communicate concerns in a standardized way. Safety huddles are short daily meetings where teams surface potential problems before they become errors, and SBAR is a communication format that ensures key information is conveyed clearly when handing off patients or raising concerns. This is important because poor communication is one of the leading contributors to medication errors and adverse events in healthcare. SBAR especially matters to me as a future pharmacist because I will need to escalate drug therapy concerns to physicians and nurses, and having a clear structure increases the chance that my concerns are heard and addressed. I am not yet sure how much I will be able to participate in formal huddles during my internship, but I plan to use SBAR whenever I communicate a clinical concern verbally.",2,2,2,2,1,2,"Safety huddles are short daily meetings where teams surface potential problems before they become errors, and SBAR is a communication format that ensures key information is conveyed clearly when handing off patients or raising concerns.","SBAR especially matters to me as a future pharmacist because I will need to escalate drug therapy concerns to physicians and nurses, and having a clear structure increases the chance that my concerns are heard and addressed.",I plan to use SBAR whenever I communicate a clinical concern verbally.
83c,We discussed how leaders affect safety culture. Leaders have a big impact on whether people feel comfortable reporting errors. It is important for pharmacists to model safe behaviors because staff learn from them. I will try to lead by example and be supportive of my colleagues when mistakes happen at my internship.,1,2,1,1,1,2,We discussed how leaders affect safety culture. Leaders have a big impact on whether people feel comfortable reporting errors. It is important for pharmacists to model safe behaviors because staff learn from them.,It is important for pharmacists to model safe behaviors because staff learn from them.,I will try to lead by example and be supportive of my colleagues when mistakes happen at my internship.
86c,Psychological safety is when people feel safe to speak up. It matters in healthcare. I will think about it.,1,1,0,1,0,0,Psychological safety is when people feel safe to speak up. It matters in healthcare.,It matters in healthcare.,I will think about it.
88b,"Today's session was about engaging patients and families in safety. Patients can catch errors that clinicians miss, and engaging them through tools like Speak Up and bedside shift report improves safety. The way questions are asked in counseling affects whether patients actually speak. I will use open-ended language in counseling.",2,2,1,1,1,2,"Patients can catch errors that clinicians miss, and engaging them through tools like Speak Up and bedside shift report improves safety. The way questions are asked in counseling affects whether patients actually speak.","Patients can catch errors that clinicians miss, and engaging them through tools like Speak Up and bedside shift report improves safety.",I will use open-ended language in counseling.
88c,Patients and families are part of safety. They can speak up. This is important.,1,1,0,1,0,0,Patients and families are part of safety. They can speak up.,This is important.,Patients and families are part of safety. They can speak up. This is important.
92b,"Today we discussed cross-discipline safety culture. Errors happen at the handoffs between pharmacists, nurses, and physicians. Joint M&M, shared rounds, and shared reporting help. I will work on cross-discipline relationships in my rotations.",2,2,1,0,1,1,"Errors happen at the handoffs between pharmacists, nurses, and physicians. Joint M&M, shared rounds, and shared reporting help.","Errors happen at the handoffs between pharmacists, nurses, and physicians.",I will work on cross-discipline relationships in my rotations.
92c,Different healthcare workers have to work together for safety.,0,1,0,0,0,0,Different healthcare workers have to work together for safety.,Different healthcare workers have to work together for safety.,Different healthcare workers have to work together for safety.
93c,"When new people start, they ask questions. This is good for safety.",0,1,0,1,0,0,"When new people start, they ask questions. This is good for safety.",This is good for safety.,"When new people start, they ask questions. This is good for safety."
95b,"Today we covered the Marx Just Culture decision algorithm. It walks through questions about intent, knowledge of risk, and substitution test to determine whether an event was human error, at-risk, or reckless. The algorithm makes Just Culture concrete. I will use it in my career.",2,2,1,0,1,1,"It walks through questions about intent, knowledge of risk, and substitution test to determine whether an event was human error, at-risk, or reckless.",The algorithm makes Just Culture concrete.,I will use it in my career.
96b,"Today's class covered continuous learning organizations. The key habit is the debrief. Just Culture, psychological safety, and leadership all show up in how teams debrief. Senge's five disciplines apply. I will practice debriefing with my team.",1,2,0,0,1,1,"continuous learning organizations. The key habit is the debrief. Just Culture, psychological safety, and leadership all show up in how teams debrief. Senge's five disciplines apply.","Just Culture, psychological safety, and leadership all show up in how teams debrief.",I will practice debriefing with my team.
96c,Organizations should learn from events. Debriefing helps.,0,1,0,0,0,0,Organizations should learn from events. Debriefing helps.,Organizations should learn from events. Debriefing helps.,Organizations should learn from events. Debriefing helps.
